Time,Current,Voltage,Temperature
0,2.158704,2.999607,26.38438
1,2.287674,2.999407,26.22788
2,2.22828,2.999757,26.44925
2.999992,2.224886,2.999857,26.27749
4,2.134946,2.999958,26.38054
5,2.148522,2.999407,26.25458
6,2.146825,2.999557,26.26221
7,2.078946,2.999407,26.41871
8,2.067067,2.999407,26.38054
9,2.078946,2.999557,26.14391
10,2.092522,2.999557,26.19352
11.00001,2.112886,2.999256,26.32711
11.99999,2.067067,2.999707,26.26221
13,-19.9325,3.100338,26.17824
14,-20.0003,3.112109,26.26605
15,-19.9817,3.121376,26.37291
16,-19.9206,3.129441,26.28512
17,-19.9715,3.137205,26.33092
17.99999,-19.9698,3.143917,26.35002
19,-19.9952,3.150378,26.23551
20.00001,-20.0071,3.15669,26.23169
21,-19.9274,3.16225,26.17824
22,-19.9545,3.16796,26.15917
23,-19.9732,3.173119,26.18589
24,-19.9341,3.178529,26.27749
25,-19.98,3.183187,26.22023
26.00001,-19.9918,3.187896,26.17824
26.99999,-19.9851,3.192704,26.2584
28,-19.9681,3.196712,26.36147
29,-19.9596,3.20117,26.23169
30,-19.9562,3.205728,25.86527
31,-19.9698,3.209835,26.2126
32,-19.9918,3.213793,26.22023
33,-19.9766,3.21805,26.15535
34,-19.9358,3.221857,26.0561
35.00001,-19.9494,3.226014,26.18206
35.99999,-19.9358,3.229521,26.0752
37,-20.0258,3.233127,26.26605
38,-19.9749,3.236784,26.09808
39,-19.9698,3.24009,26.07901
40,-19.907,3.243646,26.09427
41,-19.9392,3.247253,26.11337
41.99999,-19.9172,3.250659,25.97976
43,-19.9511,3.253965,26.06375
44.00001,-19.9477,3.25687,26.15535
45,-19.9325,3.260376,25.9645
46,-19.9409,3.263382,26.03321
47,-19.9511,3.266838,26.14007
48,-19.9783,3.269743,26.0561
49,-19.9121,3.272799,26.17061
50.00001,-20.0037,3.275404,26.23932
50.99999,-19.9426,3.278509,25.99122
52,-19.9511,3.280963,26.27368
53,-19.9443,3.284019,26.00648
54,-19.9681,3.286824,26.121
55,-19.9596,3.289629,26.17824
56,-19.9545,3.291983,25.97594
57,-19.9545,3.294989,26.01411
58,-19.9358,3.297443,25.86143
59.00001,-19.9901,3.300148,26.1019
60,-19.9104,3.302853,25.96831
61,-20.0054,3.305107,25.99504
62,-19.9477,3.308012,25.98357
63,-19.9783,3.310517,25.96068
64,-19.9545,3.312971,25.99504
65,-19.9036,3.315225,26.05991
65.99999,-19.9647,3.31793,25.99504
67,-19.9749,3.319633,25.97213
68,-19.9291,3.322338,25.94159
69,-19.9698,3.324542,26.07138
70,-19.9223,3.327197,26.03321
71,-19.9189,3.329351,25.99122
72,-20.0037,3.331805,26.21641
73,-19.9952,3.333859,26.04847
74.00001,-19.9274,3.335912,25.93014
74.99999,-19.9409,3.338217,25.89197
76,-19.9104,3.340871,25.83091
77,-19.9851,3.342825,25.93777
78,-19.9681,3.344378,26.0103
79,-19.9477,3.346782,25.8996
80,-19.9409,3.349336,25.99885
80.99999,-19.9986,3.35134,25.96068
82,-19.9172,3.353043,25.8729
83.00001,-20.019,3.355347,25.99122
84,-19.9596,3.357,25.89197
85,-19.9511,3.359555,26.04847
86,-19.9511,3.361108,25.87671
87,-19.9647,3.363262,26.01411
88,-19.98,3.365065,25.91488
89.00001,-19.9783,3.367119,25.808
89.99999,-19.9528,3.368972,25.88816
91,-19.9358,3.371026,25.808
92,-19.946,3.372478,25.90725
93,-19.9868,3.374632,25.96068
94,-19.9834,3.376535,25.90342
95,-19.9834,3.378389,25.93396
96,-19.9766,3.380242,25.81563
97,-19.8866,3.382146,25.70877
98.00001,-19.924,3.38435,25.94924
99,-20.0122,3.385953,25.86527
100,-19.9596,3.387706,25.78511
101,-19.9341,3.389108,25.74694
102,-19.9341,3.390661,25.77364
103,-19.9834,3.392564,25.64006
104,-19.9325,3.394568,25.9187
105,-19.9545,3.39577,25.83473
106,-19.9647,3.397824,25.78511
107,-19.9698,3.399527,25.92633
108,-19.9392,3.40133,25.91488
109,-20.0037,3.402482,25.94924
110,-19.963,3.404636,25.7431
111,-19.98,3.405888,25.78127
112,-19.9783,3.407942,25.88053
113,-19.9189,3.409545,25.68204
114,-19.9257,3.411298,25.64387
115,-19.9698,3.412751,25.8729
116,-19.946,3.414203,25.72022
117,-19.9494,3.415957,25.79274
118,-19.9511,3.417509,25.83091
119,-20.0105,3.418962,25.86908
120,-19.9884,3.420314,25.75076
121,-19.9562,3.422017,25.62478
122,-19.9851,3.42337,25.65913
123,-19.9155,3.425173,25.92251
124,-19.9664,3.426726,25.78127
125,-19.9291,3.427828,25.7431
126,-19.9766,3.429381,25.73547
127,-19.963,3.430934,25.85762
128,-19.946,3.432186,25.68204
129,-19.963,3.433739,25.93396
130,-19.9172,3.435241,25.60952
131,-19.9596,3.436894,25.66678
132,-19.9155,3.438347,25.64006
133,-19.9375,3.439499,25.67823
134,-19.9868,3.441102,25.7622
135,-19.9749,3.442705,25.57516
136,-19.9325,3.443757,25.66678
137,-19.9291,3.44536,25.8271
138,-19.9579,3.446762,25.57516
139,-19.9206,3.448014,25.59807
140,-19.9698,3.449216,25.91107
141,-19.9545,3.450669,25.73929
142,-20.0003,3.451821,25.94159
143,-19.9172,3.453274,25.59426
144,-19.9494,3.454576,25.70112
145,-19.9715,3.456129,25.59044
146,-19.9494,3.457281,25.61715
147,-19.9647,3.458533,25.62478
148,-19.9392,3.459685,25.54462
149,-19.9375,3.461188,25.67823
150,-19.9715,3.46254,25.60952
151,-19.9494,3.463843,25.70493
152,-19.9121,3.465145,25.90342
153,-19.9545,3.466648,25.7164
154,-19.9443,3.467499,25.72022
155,-19.98,3.469002,25.63243
156,-19.9426,3.470154,25.58663
157,-19.9935,3.471557,25.54462
158,-19.9528,3.47321,25.64006
159,-19.9732,3.473761,25.70877
160,-19.9698,3.475213,25.7431
161,-19.8968,3.475965,25.60189
162,-19.9698,3.477567,25.72022
163,-19.9596,3.47877,25.65913
164,-20.002,3.479972,25.7622
165,-19.9189,3.481224,25.63624
166,-19.9834,3.482376,25.56753
167,-19.9511,3.483528,25.49501
168,-19.9426,3.48448,25.52173
169,-20.0105,3.485632,25.50647
170,-19.963,3.487034,25.60189
171,-19.9851,3.487936,25.59426
172,-20.0156,3.489188,25.81182
173,-19.9358,3.490691,25.54462
174,-19.9392,3.491142,25.63624
175,-19.9952,3.492494,25.62478
176,-19.9884,3.493596,25.75457
177,-19.9783,3.495199,25.67823
178,-19.9715,3.496101,25.52936
179,-19.9715,3.496802,25.60189
180,-19.9579,3.498305,25.63243
181,-19.9477,3.499206,25.67823
182,-19.9206,3.500408,25.62478
183,-19.9545,3.50141,25.72784
184,-19.9935,3.502612,25.52936
185,-19.98,3.503664,25.50647
186,-19.9596,3.504516,25.71259
187,-19.9613,3.505718,25.59807
188,-19.9172,3.50697,25.64387
189,-19.9257,3.507722,25.43013
190,-20.036,3.509174,25.55227
191,-19.9087,3.510276,25.53318
192,-19.9511,3.510577,25.5141
193,-19.9868,3.51238,25.57516
194,-19.9104,3.513332,25.43395
195,-19.9681,3.514033,25.62861
196,-19.9766,3.515035,25.64006
197,-19.946,3.516437,25.56372
198,-19.9511,3.517189,25.65913
199,-19.9375,3.51814,25.58279
200,-19.9834,3.518792,25.5408
201,-19.9766,3.519944,25.62096
202,-19.9375,3.521046,25.44157
203,-19.9257,3.522048,25.53699
204,-19.9358,3.523049,25.48738
205,-19.9545,3.523751,25.54846
206,-19.9884,3.524903,25.62478
207,-19.9426,3.525654,25.53699
208,-19.9002,3.526856,25.57135
209,-19.9664,3.528058,25.40722
210,-19.9375,3.528709,25.54846
211,-19.9935,3.529511,25.68967
212,-19.9783,3.530763,25.57135
213,-19.98,3.531064,25.47975
214,-19.9511,3.532516,25.55609
215,-19.9884,3.533418,25.47593
216,-19.9426,3.53447,25.5408
217,-19.9986,3.535372,25.25835
218,-19.9817,3.535923,25.43395
219,-19.9545,3.537025,25.49119
220,-19.89,3.537776,25.5141
221,-19.9206,3.538728,25.3576
222,-19.9308,3.539779,25.49119
223,-19.9189,3.54023,25.66295
224,-19.9494,3.541482,25.64006
225,-19.9325,3.541983,25.56372
226,-19.9935,3.543336,25.52555
227,-19.9545,3.544087,25.55227
228,-19.9528,3.544788,25.43013
229,-19.9579,3.54569,25.47975
230,-19.9494,3.546792,25.4034
231,-19.9511,3.547393,25.37668
232,-19.9291,3.548445,25.46065
233,-19.9291,3.548846,25.5408
234,-19.9308,3.549547,25.62861
235,-19.9817,3.550549,25.46446
236,-19.9817,3.551501,25.53318
237,-19.9834,3.552352,25.44157
238,-19.9969,3.553354,25.39959
239,-20.002,3.554205,25.49882
240,-19.9766,3.554356,25.43776
241,-19.9392,3.555408,25.46065
242,-19.9681,3.555959,25.39959
243,-19.9817,3.55676,25.55609
244,-20.0156,3.557461,25.60952
245,-19.9817,3.558163,25.53699
246,-19.9308,3.559014,25.39196
247,-19.9698,3.559615,25.5599
248,-19.9613,3.560066,25.46446
249,-19.9545,3.560967,25.43395
250,-19.9341,3.561919,25.41866
251,-19.9019,3.56237,25.50647
252,-19.9511,3.562971,25.32325
253,-19.9918,3.563873,25.39196
254,-19.9596,3.564624,25.4492
255,-19.9952,3.565175,25.47593
256,-19.9121,3.565676,25.58279
257,-19.9579,3.566127,25.28508
258,-19.9409,3.566528,25.38049
259,-19.9647,3.567029,25.33469
260,-19.963,3.56808,25.52936
261,-19.9019,3.56808,25.38431
262,-19.9664,3.568381,25.33851
263,-19.98,3.568982,25.56753
264,-19.9783,3.569783,25.43776
265,-19.9206,3.569934,25.40722
266,-19.9817,3.569934,25.30415
267,-19.9884,3.570735,25.46065
268,-19.9732,3.571086,25.38049
269,-19.9884,3.571737,25.44157
270,-19.9766,3.572038,25.52936
271,-19.9443,3.572639,25.32325
272,-19.9783,3.572789,25.43013
273,-20.0105,3.572989,25.29271
274,-19.9715,3.57319,25.35379
275,-20.0088,3.57344,25.5408
276,-19.9749,3.57369,25.47212
277,-19.9935,3.574241,25.45683
278,-19.9749,3.574442,25.61333
279,-19.9596,3.574392,25.34232
280,-19.9596,3.575193,25.42248
281,-19.9375,3.575494,25.5141
282,-19.946,3.575594,25.38049
283,-19.9868,3.575694,25.33088
284,-19.9087,3.576245,25.50647
285,-19.9664,3.576245,25.52936
286,-19.9647,3.576295,25.30799
287,-19.9206,3.576596,25.37668
288,-19.9341,3.577046,25.33851
289,-19.9647,3.577297,25.47212
290,-19.9341,3.577447,25.5599
291,-19.9664,3.577748,25.5141
292,-19.9477,3.577798,25.41103
293,-19.9868,3.578148,25.54462
294,-19.9155,3.578148,25.36142
295,-20.0003,3.57905,25.3118
296,-19.9409,3.578599,25.28508
297,-19.946,3.578699,25.43013
298,-19.946,3.57895,25.37286
299,-19.9528,3.5792,25.49501
300,-19.9562,3.57925,25.49119
301,-19.9613,3.57925,25.4492
302,-19.9494,3.579601,25.53318
303,-19.9783,3.579551,25.62478
304,-20.0054,3.579701,25.48356
305,-19.9274,3.580002,25.43013
306,-19.9868,3.579952,25.43395
307,-19.9766,3.580453,25.42248
308,-19.9851,3.580503,25.47593
309,-19.9562,3.580503,25.54846
310,-19.9257,3.580653,25.41866
311,-19.9426,3.580853,25.37668
312,-19.9749,3.580803,25.48738
313,-19.9596,3.581304,25.60952
314,-19.9562,3.581455,25.43395
315,-19.963,3.581655,25.5599
316,-19.9834,3.581304,25.5141
317,-19.98,3.582106,25.36905
318,-19.9766,3.581855,25.43013
319,-19.963,3.582306,25.39959
320,-19.9749,3.582206,25.32325
321,-19.9901,3.582206,25.36142
322,-19.9596,3.582707,25.36905
323,-19.9901,3.582857,25.5408
324,-19.9257,3.582657,25.41485
325,-19.9477,3.582957,25.55609
326,-19.9766,3.583007,25.48738
327,-19.9918,3.583358,25.44157
328,-19.9274,3.583558,25.47975
329,-19.9341,3.583759,25.47212
330,-19.9783,3.583859,25.58663
331,-20.0088,3.583959,25.43013
332,-20.002,3.583959,25.29271
333,-19.924,3.58431,25.49501
334,-19.9392,3.58451,25.33469
335,-19.9545,3.58446,25.39196
336,-20.0037,3.58471,25.59426
337,-20.0088,3.585061,25.56372
338,-19.9596,3.585161,25.54846
339,-19.9783,3.585362,25.46065
340,-19.9732,3.585111,25.30415
341,-19.9409,3.585311,25.43013
342,-19.9138,3.585812,25.34997
343,-19.9511,3.585963,25.44157
344,-20.002,3.586113,25.48356
345,-19.9664,3.586013,25.45302
346,-19.9647,3.586464,25.35379
347,-19.9443,3.586464,25.42248
348,-19.9834,3.586714,25.3576
349,-19.9223,3.586764,25.57135
350,-19.946,3.586664,25.54462
351,-19.9562,3.586914,25.63243
352,-19.8917,3.587215,25.50263
353,-19.9138,3.587716,25.59807
354,-19.9511,3.587515,25.33851
355,-19.9528,3.587866,25.3118
356,-19.9426,3.587716,25.51792
357,-19.9545,3.587916,25.40722
358,-19.9884,3.588567,25.56753
359,-19.9749,3.588167,25.47212
360,-19.9732,3.588667,25.41866
361,-19.9715,3.588868,25.63243
362,-19.9392,3.589068,25.58663
363,-19.9325,3.588718,25.56372
364,-19.9562,3.589369,25.38815
365,-19.9443,3.589068,25.55609
366,-19.9308,3.589369,25.49119
367,-19.9647,3.589369,25.4034
368,-19.9766,3.59027,25.52173
369,-19.946,3.589819,25.49501
370,-19.9104,3.590421,25.4492
371,-19.9562,3.58987,25.53699
372,-19.9664,3.590421,25.49119
373,-19.9952,3.590421,25.43776
374,-19.9155,3.591072,25.4492
375,-19.9375,3.590821,25.38815
376,-19.9834,3.590671,25.60189
377,-19.9562,3.591623,25.51029
378,-19.9528,3.591172,25.5141
379,-19.9528,3.591472,25.34614
380,-19.9596,3.592374,25.42248
381,-19.9291,3.591923,25.42629
382,-19.9189,3.592374,25.52936
383,-19.9494,3.592274,25.59807
384,-19.98,3.592374,25.52173
385,-19.9647,3.592725,25.55609
386,-19.9613,3.592474,25.52173
387,-19.9562,3.592825,25.52173
388,-19.9528,3.593025,25.46446
389,-19.9291,3.593075,25.62096
390,-19.9291,3.593426,25.56753
391,-19.9172,3.593526,25.53318
392,-19.9715,3.593426,25.5408
393,-19.9986,3.594127,25.55227
394,-20.0207,3.593726,25.63243
395,-19.9698,3.594478,25.66295
396,-19.9172,3.594778,25.49882
397,-19.9766,3.594378,25.56753
398,-19.9851,3.594879,25.44539
399,-19.9477,3.594879,25.53699
400,-19.9155,3.594979,25.51792
401,-19.9358,3.595179,25.57135
402,-19.9545,3.595179,25.62096
403,-19.9562,3.59543,25.54462
404,-19.9851,3.59548,25.47593
405,-19.9409,3.596231,25.5141
406,-19.9477,3.595931,25.6057
407,-19.9969,3.596181,25.61715
408,-19.9884,3.596231,25.58279
409,-19.9834,3.596782,25.56753
410,-19.9579,3.596983,25.68204
411,-20.0122,3.596983,25.51792
412,-19.9596,3.596632,25.58663
413,-19.9358,3.596782,25.48738
414,-19.9206,3.597584,25.56372
415,-19.9698,3.597483,25.41866
416,-19.946,3.597884,25.57135
417,-19.9732,3.598235,25.62861
418,-19.9952,3.598185,25.53318
419,-19.9664,3.598185,25.53318
420,-19.9494,3.598736,25.66678
421,-19.963,3.598686,25.62096
422,-19.9494,3.598786,25.52173
423,-19.9375,3.599036,25.57135
424,-19.9596,3.599387,25.65532
425,-19.9834,3.599337,25.52173
426,-19.9596,3.599387,25.39959
427,-19.9528,3.599938,25.53699
428,-19.9783,3.599838,25.54846
429,-19.9274,3.600038,25.60952
430,-20.002,3.600238,25.64387
431,-19.9596,3.600439,25.61715
432,-19.9545,3.600739,25.72022
433,-19.9783,3.600739,25.43013
434,-19.9749,3.60104,25.57516
435,-19.98,3.600889,25.5408
436,-19.9681,3.60109,25.6057
437,-19.9358,3.601541,25.42629
438,-19.9494,3.60124,25.61333
439,-19.9613,3.601641,25.59807
440,-19.9409,3.601691,25.52936
441,-19.9613,3.601941,25.64387
442,-20.0224,3.602292,25.52936
443,-19.9732,3.602593,25.59807
444,-19.9477,3.602292,25.53699
445,-19.9223,3.602843,25.71259
446,-19.9681,3.603494,25.56372
447,-19.9851,3.602993,25.36905
448,-19.8968,3.603294,25.65532
449,-19.9664,3.603394,25.62861
450,-19.9596,3.603745,25.47212
451,-19.9172,3.603995,25.43776
452,-19.9817,3.603945,25.64769
453,-19.9511,3.604145,25.68586
454,-19.9579,3.604696,25.54462
455,-19.9511,3.604546,25.67823
456,-19.9494,3.604696,25.69349
457,-19.9291,3.604997,25.66295
458,-19.9969,3.605097,25.48738
459,-19.963,3.605047,25.65913
460,-19.9664,3.605598,25.59044
461,-19.9392,3.605498,25.41866
462,-19.9426,3.605648,25.70877
463,-19.963,3.606349,25.6057
464,-19.9986,3.606499,25.59044
465,-19.9392,3.605948,25.72403
466,-19.9426,3.60675,25.64387
467,-19.963,3.60685,25.6706
468,-19.9783,3.607,25.51792
469,-19.9443,3.60705,25.68204
470,-19.9732,3.607,25.5408
471,-19.9935,3.607652,25.51792
472,-19.9375,3.607601,25.54462
473,-19.9868,3.608403,25.63624
474,-19.924,3.608203,25.57898
475,-19.9766,3.608203,25.64006
476,-19.9868,3.608804,25.65913
477,-19.9681,3.608453,25.54846
478,-19.9579,3.608904,25.6515
479,-19.9596,3.609154,25.61715
480,-19.9715,3.609254,25.58279
481,-20.002,3.609906,25.66295
482,-19.946,3.609956,25.6057
483,-19.9647,3.609755,25.5141
484,-19.9901,3.610156,25.58279
485,-20.0037,3.610357,25.69349
486,-19.9172,3.610407,25.53318
487,-19.963,3.610757,25.50263
488,-19.9681,3.611008,25.75839
489,-20.0037,3.611308,25.6706
490,-19.9477,3.611258,25.69349
491,-19.9426,3.611408,25.60189
492,-19.9647,3.611909,25.60189
493,-19.9783,3.611509,25.59044
494,-19.9545,3.611659,25.50263
495,-19.98,3.612661,25.53318
496,-19.9087,3.612561,25.5141
497,-19.9749,3.612611,25.45683
498,-19.9511,3.612911,25.60189
499,-19.9409,3.613011,25.5599
500,-19.9477,3.613262,25.68204
501,-19.9698,3.613462,25.60189
502,-19.9732,3.613813,25.3576
503,-19.9358,3.613713,25.58279
504,-19.924,3.614113,25.59426
505,-19.9935,3.614163,25.60189
506,-19.9596,3.614514,25.51029
507,-19.9918,3.614815,25.67441
508,-19.9935,3.615015,25.63243
509,-19.9579,3.615115,25.5141
510,-19.9664,3.614965,25.6706
511,-19.9935,3.615666,25.67441
512,-19.9511,3.615416,25.57898
513,-19.9664,3.616167,25.52173
514,-19.9375,3.615866,25.72403
515,-20.0054,3.616267,25.63624
516,-19.9511,3.616568,25.40722
517,-19.9325,3.617069,25.56753
518,-19.946,3.616768,25.59426
519,-19.9308,3.617069,25.57516
520,-19.9155,3.617519,25.57516
521,-19.9749,3.617469,25.68967
522,-19.9409,3.617569,25.79274
523,-20.0258,3.61807,25.70112
524,-19.9291,3.61802,25.78511
525,-19.9494,3.618321,25.70112
526,-19.9986,3.618521,25.5408
527,-19.9834,3.618671,25.60952
528,-19.9613,3.619022,25.60189
529,-19.9681,3.619323,25.49501
530,-19.9647,3.619523,25.50647
531,-19.9868,3.619623,25.52173
532,-19.9409,3.620074,25.57135
533,-19.9409,3.619874,25.59807
534,-19.9426,3.620575,25.76601
535,-19.9325,3.620525,25.75076
536,-19.9206,3.620825,25.66678
537,-20.0139,3.621276,25.63624
538,-19.9884,3.621326,25.55227
539,-19.9562,3.621727,25.58663
540,-19.9511,3.621426,25.53699
541,-19.963,3.621527,25.58663
542,-19.9121,3.621977,25.65913
543,-19.9341,3.622128,25.58663
544,-19.9494,3.622478,25.49501
545,-19.9325,3.622679,25.59044
546,-19.946,3.622979,25.78893
547,-19.946,3.62333,25.7164
548,-19.9664,3.62353,25.70877
549,-19.98,3.62323,25.60952
550,-19.9732,3.623831,25.72784
551,-19.9579,3.624181,25.68586
552,-19.9868,3.624382,25.51029
553,-19.9698,3.624582,25.58663
554,-19.9189,3.625083,25.54846
555,-19.9189,3.625183,25.6057
556,-19.9562,3.624983,25.59044
557,-19.9817,3.625183,25.6973
558,-19.946,3.625935,25.66678
559,-19.9732,3.625834,25.54462
560,-19.9715,3.626536,25.81563
561,-19.9443,3.626285,25.52173
562,-19.9681,3.626335,25.64006
563,-19.9901,3.626936,25.57898
564,-19.9698,3.627037,25.57898
565,-19.9375,3.627137,25.63243
566,-19.9172,3.627037,25.64006
567,-19.9545,3.627387,25.50263
568,-19.9392,3.627938,25.51029
569,-19.9341,3.628189,25.72403
570,-19.9817,3.628289,25.64769
571,-19.9986,3.628289,25.79274
572,-19.98,3.628439,25.61333
573,-19.9223,3.62884,25.83473
574,-19.9935,3.629441,25.59807
575,-19.98,3.62919,25.61715
576,-19.9715,3.629691,25.63624
577,-20.0207,3.629842,25.72403
578,-19.9494,3.630042,25.64387
579,-19.9698,3.630292,25.54462
580,-19.9935,3.630543,25.61333
581,-19.9664,3.630643,25.6057
582,-19.9545,3.631094,25.72022
583,-19.9494,3.630944,25.51792
584,-19.9291,3.631445,25.78893
585,-19.946,3.631795,25.47212
586,-19.9104,3.631945,25.72403
587,-20.0003,3.632146,25.63243
588,-19.9884,3.632246,25.67441
589,-19.9596,3.632697,25.68586
590,-19.9783,3.632747,25.50263
591,-19.9698,3.633248,25.57135
592,-19.9579,3.633348,25.72022
593,-19.9189,3.633148,25.66678
594,-19.9596,3.633699,25.67823
595,-19.9291,3.633899,25.69349
596,-19.924,3.63435,25.68967
597,-19.9579,3.634249,25.68586
598,-19.98,3.634851,25.66678
599,-20.0139,3.63455,25.6515
600,-19.9528,3.635151,25.59426
601,-19.9528,3.635402,25.72784
602,-20.0003,3.635351,25.44539
603,-19.9325,3.635552,25.68586
604,-19.9104,3.635852,25.61715
605,-19.9749,3.636804,25.59044
606,-19.9121,3.636904,25.6706
607,-19.9681,3.636854,25.6515
608,-19.9749,3.636904,25.60189
609,-19.9579,3.637205,25.55609
610,-19.9562,3.637305,25.53318
611,-19.9681,3.637706,25.50647
612,-19.9664,3.638056,25.5408
613,-19.9952,3.637956,25.6515
614,-19.9698,3.638507,25.68586
615,-19.946,3.638657,25.52555
616,-19.9562,3.638858,25.48356
617,-19.9274,3.638707,25.58279
618,-19.9545,3.638958,25.62478
619,-19.9206,3.639759,25.61333
620,-19.9274,3.64006,25.70112
621,-19.9766,3.640411,25.64006
622,-19.9392,3.640661,25.48738
623,-19.9528,3.64016,25.6515
624,-19.9172,3.640811,25.52936
625,-19.9358,3.641062,25.53699
626,-19.9409,3.640912,25.6973
627,-19.9477,3.641312,25.64006
628,-19.9477,3.641563,25.62478
629,-19.9664,3.641763,25.57135
630,-19.9274,3.642064,25.57516
631,-19.9817,3.642615,25.6706
632,-19.9562,3.642765,25.63243
633,-19.9664,3.642915,25.62478
634,-19.9918,3.642915,25.48738
635,-19.9647,3.643466,25.64387
636,-19.9392,3.643416,25.56372
637,-19.9375,3.643767,25.57898
638,-19.9223,3.643817,25.60952
639,-19.9341,3.644017,25.52555
640,-19.9528,3.644869,25.54462
641,-19.9443,3.644919,25.66678
642,-19.9681,3.645019,25.61333
643,-19.9291,3.64567,25.62478
644,-19.9494,3.64547,25.56372
645,-19.9868,3.64587,25.7431
646,-19.9698,3.646021,25.6706
647,-19.9766,3.64582,25.58279
648,-19.9121,3.646321,25.42629
649,-19.9681,3.646972,25.57135
650,-19.9409,3.646972,25.5408
651,-19.9681,3.647073,25.6706
652,-19.9477,3.647523,25.68586
653,-19.9155,3.647824,25.74694
654,-19.9477,3.647724,25.57898
655,-19.9358,3.647974,25.68204
656,-19.9375,3.648726,25.68967
657,-19.9206,3.648675,25.50263
658,-19.9732,3.648625,25.58279
659,-19.9715,3.649126,25.5141
660,-19.98,3.649226,25.62096
661,-19.9613,3.649427,25.62096
662,-19.9426,3.649727,25.52555
663,-19.9783,3.649878,25.59426
664,-19.98,3.650278,25.63624
665,-19.9732,3.650278,25.56372
666,-19.9511,3.650629,25.57135
667,-19.9986,3.65098,25.71259
668,-19.9681,3.65103,25.71259
669,-19.9545,3.65113,25.60189
670,-19.9715,3.651631,25.52936
671,-19.9766,3.651731,25.64006
672,-19.9274,3.652031,25.53699
673,-19.9817,3.652332,25.51029
674,-19.9511,3.652532,25.44157
675,-19.98,3.652482,25.70877
676,-19.9206,3.652683,25.63243
677,-19.9766,3.652532,25.75457
678,-19.9715,3.653234,25.68586
679,-19.9613,3.653634,25.58663
680,-19.9817,3.653284,25.57898
681,-19.9528,3.654085,25.67441
682,-19.9121,3.654486,25.5599
683,-19.9918,3.654486,25.5599
684,-19.9664,3.655037,25.62478
685,-19.9901,3.654887,25.70112
686,-19.9392,3.655087,25.52936
687,-19.9901,3.655488,25.61333
688,-19.9257,3.655688,25.58663
689,-19.9732,3.655989,25.6706
690,-19.9409,3.656039,25.62096
691,-19.98,3.65649,25.6706
692,-19.963,3.65664,25.57135
693,-19.9375,3.65674,25.54846
694,-19.8968,3.657041,25.5141
695,-19.9647,3.657391,25.52936
696,-19.9494,3.657642,25.53699
697,-19.9851,3.657642,25.60189
698,-19.9596,3.657892,25.56753
699,-19.9935,3.658093,25.6515
700,-19.9545,3.658443,25.5599
701,-19.9732,3.658794,25.68204
702,-19.9375,3.658844,25.71259
703,-19.9579,3.659044,25.64769
704,-19.9766,3.659295,25.61333
705,-19.9477,3.659295,25.62096
706,-19.9969,3.659495,25.58663
707,-19.9545,3.660397,25.59044
708,-19.9477,3.659896,25.68204
709,-19.946,3.660447,25.48356
710,-19.9494,3.660948,25.44539
711,-19.9834,3.660747,25.54462
712,-19.9681,3.661048,25.64769
713,-19.9732,3.661248,25.5599
714,-19.9443,3.661398,25.65913
715,-20.0071,3.661749,25.74694
716,-19.9121,3.661849,25.62096
717,-19.9783,3.66215,25.55609
718,-19.9596,3.66205,25.64769
719,-19.9664,3.66255,25.56753
720,-19.9664,3.662751,25.63624
721,-19.924,3.663101,25.52555
722,-19.9511,3.663202,25.55609
723,-19.9325,3.663903,25.70112
724,-19.9715,3.663903,25.68204
725,-19.9969,3.663953,25.68204
726,-19.9545,3.664354,25.58663
727,-19.9325,3.664354,25.68204
728,-19.9579,3.664203,25.62861
729,-19.9443,3.665055,25.52936
730,-19.9511,3.665155,25.6515
731,-19.9121,3.665105,25.42629
732,-19.924,3.665456,25.52936
733,-19.9392,3.665706,25.48738
734,-19.9698,3.666007,25.49882
735,-20.0054,3.666157,25.63243
736,-19.9443,3.666257,25.5408
737,-20.0631,3.666708,25.73929
738,-19.9918,3.666758,25.54846
739,-19.9698,3.667209,25.6515
740,-19.9477,3.667059,25.60952
741,-19.9681,3.667159,25.57516
742,-19.9952,3.66786,25.57516
743,-19.9901,3.66781,25.50647
744,-19.9952,3.668361,25.54462
745,-20.0173,3.668411,25.6057
746,-19.9426,3.668461,25.54846
747,-19.9698,3.668311,25.53699
748,-20.0105,3.668762,25.53699
749,-19.9562,3.669012,25.66295
750,-19.9358,3.669313,25.65532
751,-19.963,3.669413,25.67823
752,-19.9426,3.669563,25.5408
753,-19.9834,3.670064,25.47975
754,-19.924,3.670214,25.55609
755,-19.9528,3.670264,25.51029
756,-19.9308,3.670164,25.47212
757,-19.9868,3.670615,25.59044
758,-19.9749,3.670966,25.54846
759,-19.9749,3.671517,25.72784
760,-19.9766,3.671016,25.60189
761,-19.9868,3.671767,25.5599
762,-19.9732,3.671667,25.67441
763,-19.9918,3.672168,25.64769
764,-19.9104,3.671967,25.59807
765,-19.9969,3.672268,25.5408
766,-19.9732,3.672418,25.4492
767,-19.9579,3.672468,25.59807
768,-20.0071,3.672819,25.48356
769,-19.9681,3.67317,25.4492
770,-19.9494,3.67337,25.49501
771,-19.9664,3.67357,25.6515
772,-19.9766,3.674121,25.65532
773,-19.9528,3.674071,25.62478
774,-19.9223,3.674522,25.59426
775,-19.9494,3.674873,25.64769
776,-19.9036,3.674722,25.5141
777,-19.9851,3.674722,25.55609
778,-19.9715,3.675023,25.49119
779,-19.9392,3.675324,25.73547
780,-19.9884,3.675574,25.64769
781,-19.9053,3.675774,25.67441
782,-19.9664,3.675724,25.66295
783,-19.9189,3.676225,25.56372
784,-20.0428,3.676426,25.75076
785,-19.946,3.676526,25.63243
786,-20.0241,3.676676,25.39578
787,-20.0037,3.677077,25.64387
788,-19.9596,3.677277,25.47593
789,-19.9579,3.677527,25.55609
790,-19.9206,3.677628,25.68204
791,-20.0105,3.677628,25.52555
792,-19.9901,3.678129,25.4492
793,-20.0003,3.678479,25.64387
794,-19.9783,3.67888,25.64006
795,-19.9375,3.678429,25.57898
796,-19.9715,3.67908,25.55227
797,-19.9409,3.67903,25.54846
798,-19.9019,3.679531,25.73547
799,-19.9358,3.679431,25.58279
800,-19.9511,3.679581,25.55227
801,-19.9494,3.679832,25.4492
802,-19.9681,3.680383,25.39959
803,-19.9647,3.680182,25.59807
804,-19.946,3.680182,25.64387
805,-19.9291,3.680483,25.49119
806,-19.9257,3.680733,25.66678
807,-19.9375,3.681384,25.56753
808,-19.8951,3.681234,25.53699
809,-19.9851,3.681535,25.57135
810,-19.9681,3.681635,25.5141
811,-20.0326,3.681635,25.61715
812,-19.9698,3.682186,25.58663
813,-20.0139,3.682286,25.54846
814,-19.9715,3.682386,25.43395
815,-19.9562,3.682737,25.4683
816,-19.9868,3.683188,25.49501
817,-20.0071,3.682787,25.64769
818,-19.9681,3.683288,25.47212
819,-19.9783,3.683238,25.7164
820,-19.9409,3.683739,25.64387
821,-20.002,3.683789,25.75839
822,-19.9647,3.684139,25.51792
823,-19.9138,3.68449,25.45302
824,-19.8832,3.68444,25.57516
825,-19.9732,3.68464,25.50263
826,-19.9409,3.684991,25.55227
827,-19.9715,3.685041,25.59807
828,-19.907,3.684991,25.50263
829,-19.9664,3.685442,25.65913
830,-19.9681,3.685492,25.49882
831,-19.9851,3.686443,25.62096
832,-19.9647,3.686043,25.62096
833,-19.9426,3.686193,25.51029
834,-19.9375,3.686594,25.63624
835,-19.9918,3.686694,25.60189
836,-19.9715,3.687045,25.59044
837,-19.9647,3.686994,25.50647
838,-19.9749,3.687345,25.62096
839,-19.9477,3.687395,25.66295
840,-19.9223,3.688097,25.62096
841,-19.9901,3.688147,25.57135
842,-19.9817,3.688147,25.61715
843,-20.0105,3.688197,25.59044
844,-19.9749,3.688397,25.54846
845,-19.9817,3.688698,25.45302
846,-19.9732,3.689199,25.4683
847,-19.9562,3.689199,25.57898
848,-19.9596,3.689249,25.59044
849,-19.9579,3.6899,25.48738
850,-19.9511,3.689599,25.56372
851,-19.9155,3.69005,25.53699
852,-20.019,3.690401,25.64769
853,-19.924,3.690401,25.62096
854,-19.8781,3.690651,25.74694
855,-19.9562,3.691002,25.62861
856,-19.9223,3.690952,25.6706
857,-19.9358,3.691152,25.5141
858,-19.9511,3.691603,25.59044
859,-19.946,3.691603,25.58663
860,-19.9901,3.691853,25.59807
861,-19.9477,3.692404,25.66295
862,-19.9528,3.692104,25.70493
863,-19.9036,3.692555,25.58279
864,-19.9596,3.692755,25.6057
865,-19.9868,3.693156,25.5408
866,-19.9545,3.693156,25.78893
867,-20.0037,3.693506,25.62096
868,-19.9715,3.693256,25.65913
869,-19.9341,3.693707,25.42248
870,-19.9596,3.693857,25.51792
871,-19.9155,3.693807,25.54846
872,-19.9766,3.694508,25.54462
873,-19.9681,3.694408,25.62861
874,-19.9426,3.694809,25.70877
875,-19.946,3.694658,25.49501
876,-19.9579,3.695309,25.63243
877,-19.9392,3.69556,25.58279
878,-19.9291,3.69561,25.64769
879,-19.9681,3.69556,25.53699
880,-19.9392,3.69566,25.5599
881,-19.9969,3.696311,25.61333
882,-19.9341,3.696011,25.36905
883,-19.9681,3.696261,25.46065
884,-19.8883,3.696662,25.44157
885,-19.9494,3.696862,25.65913
886,-19.9732,3.696712,25.43776
887,-19.9528,3.697463,25.56753
888,-19.9477,3.697413,25.66678
889,-19.9375,3.697563,25.58663
890,-19.9375,3.697714,25.68586
891,-19.963,3.698565,25.56372
892,-19.9392,3.698265,25.49501
893,-19.946,3.698165,25.53699
894,-19.9834,3.698465,25.54462
895,-19.9511,3.699016,25.49501
896,-19.9409,3.699116,25.46446
897,-19.9681,3.699367,25.4034
898,-19.9036,3.699617,25.60952
899,-19.9817,3.699817,25.64006
900,-19.9392,3.700118,25.63243
901,-19.9494,3.700018,25.61715
902,-19.9613,3.700218,25.66295
903,-19.9884,3.700218,25.59426
904,-19.9647,3.70107,25.61333
905,-19.9341,3.70117,25.57516
906,-19.9426,3.70097,25.73166
907,-19.9579,3.70127,25.64387
908,-19.9817,3.701471,25.68967
909,-19.9375,3.70142,25.44157
910,-19.9766,3.701921,25.49501
911,-19.9291,3.701821,25.5408
912,-19.9783,3.702322,25.6706
913,-19.9545,3.702222,25.5599
914,-19.9935,3.702623,25.70112
915,-19.9341,3.703324,25.6515
916,-19.9698,3.703174,25.55609
917,-19.9901,3.703474,25.52936
918,-19.9749,3.703474,25.40722
919,-19.924,3.704075,25.61715
920,-19.9613,3.703424,25.52173
921,-19.9545,3.704075,25.58279
922,-19.9562,3.704276,25.66678
923,-19.9918,3.704476,25.56372
924,-19.9647,3.704777,25.52173
925,-20.0343,3.705227,25.65913
926,-20.0173,3.704777,25.73547
927,-19.9901,3.705578,25.70112
928,-19.9494,3.705428,25.63243
929,-19.9579,3.705528,25.50263
930,-19.9562,3.705979,25.56372
931,-19.9579,3.705828,25.62478
932,-19.9308,3.706129,25.73547
933,-19.9681,3.706329,25.6057
934,-19.9494,3.70663,25.61715
935,-20.0122,3.707031,25.65532
936,-20.0377,3.706981,25.60189
937,-19.9494,3.70678,25.70877
938,-20.0003,3.707131,25.70112
939,-19.9257,3.707682,25.77364
940,-19.9477,3.707582,25.6706
941,-19.924,3.707732,25.4034
942,-19.9138,3.707932,25.62861
943,-19.9189,3.708283,25.37668
944,-20.0003,3.708533,25.57898
945,-19.9884,3.708934,25.50647
946,-20.019,3.708784,25.67823
947,-19.9308,3.708583,25.55227
948,-19.9664,3.709134,25.64006
949,-19.9325,3.709335,25.72022
950,-19.9783,3.709735,25.61333
951,-20.0037,3.709886,25.56753
952,-19.9528,3.710086,25.5408
953,-19.9596,3.710687,25.5599
954,-19.9325,3.710487,25.43776
955,-19.9596,3.710487,25.6057
956,-19.9528,3.710988,25.51029
957,-19.9647,3.710787,25.53318
958,-19.9443,3.711388,25.64769
959,-19.9579,3.711489,25.56372
960,-19.9596,3.711238,25.64387
961,-19.9308,3.711639,25.62096
962,-19.9952,3.71209,25.70112
963,-19.9715,3.711939,25.64387
964,-19.98,3.71244,25.6706
965,-19.9664,3.71234,25.44157
966,-19.9834,3.712641,25.55227
967,-19.9834,3.712691,25.59807
968,-19.946,3.712841,25.44539
969,-19.924,3.712941,25.76983
970,-19.9477,3.713492,25.58279
971,-19.9817,3.713743,25.54462
972,-19.9325,3.713893,25.60952
973,-19.9749,3.713943,25.70493
974,-19.9562,3.713993,25.65532
975,-19.9952,3.714143,25.6973
976,-19.9935,3.714544,25.57898
977,-19.9562,3.714644,25.58663
978,-19.9053,3.715045,25.53318
979,-19.9477,3.714945,25.55609
980,-19.8849,3.714945,25.41103
981,-19.9868,3.715345,25.49882
982,-19.9375,3.715746,25.61333
983,-19.9817,3.715646,25.6973
984,-20.0309,3.716047,25.68204
985,-19.9443,3.716047,25.62861
986,-20.002,3.716447,25.50647
987,-19.9494,3.716347,25.70112
988,-19.8832,3.716498,25.52173
989,-19.9868,3.716598,25.49882
990,-19.9528,3.717449,25.57898
991,-19.9935,3.717349,25.62478
992,-20.0343,3.717299,25.75457
993,-19.8968,3.716998,25.63624
994,-19.963,3.71805,25.66678
995,-19.9443,3.718201,25.63243
996,-19.9664,3.718,25.68204
997,-19.9698,3.718251,25.808
998,-19.9392,3.718401,25.50263
999,-19.9681,3.718802,25.68204
